window_id,vibration_mean,vibration_std,vibration_rms,vibration_peak,vibration_peak_to_peak,vibration_variance,vibration_kurtosis,vibration_skewness,vibration_crest_factor,vibration_dominant_frequency,vibration_dominant_frequency_amplitude,temperature_mean,temperature_std,temperature_min,temperature_max,temperature_range,temperature_trend,current_mean,current_std,current_min,current_max,current_rms,current_range,water_flow_mean,water_flow_std,water_flow_min,water_flow_max,water_flow_range,machine_id,label
W000,1.102095587012647,0.2850758959829718,1.138368547256663,1.4572130722067813,0.9306771025229177,0.08126826647049416,-0.6337640389485797,-0.734437851743475,1.2800890148612214,10.0,0.13880869270972862,39.89988251378303,1.1899147430690922,38.100043020890666,41.89246305591748,3.792420035026815,0.26201899064736556,5.032552766602658,0.2867902259960602,4.592745843380148,5.392179567704845,5.040717804278169,0.7994337243246976,49.39130621561277,0.9831024099212499,48.025995038712246,50.918927146775275,2.892932108063029,M001,0
W001,1.0796908262748863,0.3225706055007203,1.126846962047308,1.4895233506365952,0.9097313737129678,0.10405179553310133,-1.537622138208731,-0.2660666039544933,1.3218506157485306,30.0,0.1630175861950129,39.906599646164615,1.0728789198865287,38.183297534622646,41.74661835084998,3.563320816227332,0.07839778423953586,4.8427818042304684,0.19436064076972204,4.601001429409729,5.15543866529488,4.846680478643721,0.5544372358851506,49.626935465156784,1.0133241174021577,48.12840097561615,51.77163885734022,3.643237881724069,M001,0
W002,0.9370939618803902,0.2844123982784359,0.9793035819842476,1.4961213802400968,0.9846403582972771,0.08089041229449165,-0.5213165849441759,0.4145583290423298,1.5277401285602183,30.0,0.15045323429157442,39.845421590344394,1.0801906818034221,38.188465501698936,41.815263710084324,3.626798208385388,0.20564120137650427,5.0917092344618515,0.3525196974603389,4.563527706151957,5.4975376064951105,5.103897830619421,0.9340099003431535,50.214270671175385,0.9875132649543568,48.61135707419854,51.591291534409905,2.9799344602113678,M001,0
W003,0.9464783719449977,0.29790457956400196,0.9922542250274665,1.3787218778231842,0.8781499816952407,0.08874713852520479,-1.182929959477795,0.1297242330094492,1.3894845121823693,40.0,0.13267489952760883,40.23278195070857,0.8992287701922735,38.84719282176833,41.787797781191976,2.940604959423645,-0.07810164359700508,4.9107726230639175,0.3204236598586231,4.519476742385832,5.495149356660894,4.921215203304085,0.9756726142750622,49.93156650882727,1.1892500493207179,48.23170066597675,51.71639446505847,3.484693799081718,M001,0
W004,0.8836504934508713,0.25415409709810644,0.9194740342433397,1.3596354002537465,0.788642314244714,0.06459430507175372,-0.9565630631040207,0.5224200687987217,1.478709946793253,30.0,0.07913381411817605,39.79403095676128,1.1561575716019863,38.202353318099526,41.69306239710405,3.4907090790045245,0.029820545448354448,5.134366888056673,0.2958850039162514,4.7289417838111545,5.499282468412726,5.1428855010310395,0.7703406846015719,50.050348602642885,1.1386215095280483,48.393671484607836,51.62168005202451,3.2280085674166727,M001,0
W005,1.0513016978852736,0.3013513136931155,1.093639736952268,1.4689962572847513,0.9118309843772682,0.09081261426456651,-1.075945571348897,-0.012471687170483928,1.3432177047429887,20.0,0.17198087733967926,40.524961430886364,1.059375261899242,38.85498919679673,41.94123537511891,3.0862461783221775,-0.06471455267251446,4.958193364933839,0.2746786924476445,4.580111465240587,5.4573176408596735,4.9657959913954075,0.8772061756190865,49.93077446607969,1.3350479359445742,48.234541599888715,51.98169075797085,3.747149158082138,M001,0
W006,0.9579988312024644,0.30527333692321884,1.0054618694020798,1.3808641736864395,0.8083210591932822,0.09319181023623709,-1.6118901839562065,-0.06759750193897458,1.3733630440979339,10.0,0.12020487297858176,40.1416351697204,1.123016403286892,38.03129242860863,41.75572001570841,3.7244275870997825,0.029724578441139533,4.954624903631299,0.2648040878989039,4.634291114393368,5.4984544408544425,4.9616961959244765,0.8641633264610746,50.47053182737157,1.3340960480674264,48.46171468167641,51.98438579142038,3.5226711097439676,M001,0
W007,1.019857189920442,0.22794706923999908,1.0450208391259599,1.4039285715598933,0.7558347859924106,0.051959866375104934,-0.9972962520104973,0.10792408868057166,1.3434455266309508,40.0,0.11659300541051335,39.565773004693106,1.216277037706834,38.03867879843336,41.62134596431729,3.582667165883933,0.028806808359767563,5.027680971623569,0.3347955075537934,4.503545689087782,5.398924636526474,5.038815732322816,0.895378947438692,50.42710868700245,1.2088105417870774,48.369193870850935,51.719524062774695,3.35033019192376,M001,0
W008,1.1368296068780894,0.3108250944772569,1.1785558087894636,1.4625343157615553,0.9377479538633666,0.0966122393567957,-0.8242824059806195,-0.8120882832696339,1.2409546538689382,40.0,0.14125828648511288,40.14958067729349,1.3115483297186488,38.43238250561183,41.90482413172385,3.4724416261120226,-0.2760572961062005,5.133668290623126,0.35124479679355053,4.523664434701452,5.48114968719826,5.145670318376792,0.9574852524968085,49.94576960289917,1.132804720643793,48.714271264689856,51.7232635441933,3.0089922795034454,M001,0
W009,1.0314975880324067,0.2618380795979735,1.0642116584797534,1.440363670730183,0.9386723925115535,0.06855917992755471,-0.5440354420055651,-0.40646757735800615,1.3534560153078663,30.0,0.13021286189625106,40.08715458960303,0.7966529422930626,39.182620810103785,41.70230066199633,2.5196798518925476,-0.004845391132224925,4.907201004377789,0.25513401834279503,4.500405939697288,5.4028055457325825,4.9138289616837625,0.9023996060352948,50.02155339949623,0.8693114995172238,48.27989524450524,51.39206111802534,3.112165873520098,M001,0
W000,0.9680661242578257,0.306547399274084,1.0154424301442562,1.3887522747892507,0.8695951667649029,0.09397130800170467,-1.2245200379629297,-0.3327429668928362,1.3676327023206636,40.0,0.15792314060866736,40.78607240961818,0.6918652240416376,39.72955535580576,41.76761445586112,2.0380591000553636,0.04647355184333289,4.955004032250872,0.23211322622673966,4.603040710003908,5.339098201436744,4.960437632851741,0.7360574914328355,49.59084299694128,1.1557896982880287,48.19567896661961,51.42275201718739,3.227073050567782,M002,0
W001,0.9604429261322311,0.29949209424245643,1.00605473453047,1.4766076566881776,0.8929595535246287,0.08969551451373241,-1.3144387014181207,0.17419292326131874,1.4677209956944506,30.0,0.13589070425963007,39.51032388398107,1.2552458976688843,38.15189606388114,41.22987649761209,3.07798043373095,-0.21100754634581334,5.030428043709023,0.3757134752773579,4.502519466770858,5.469174444625881,5.044439207527352,0.9666549778550229,50.69978092806552,0.9051138874851209,49.32509995490856,51.95673172989191,2.6316317749833473,M002,0
W002,1.059940083389094,0.3000622049031541,1.1015944386144212,1.4588198907667034,0.8975990578824825,0.09003732681134242,-1.3511792345595899,-0.1373382734849802,1.3242803700076755,20.0,0.13799420276444962,40.27872382830492,1.3615204808637396,38.108822674266804,41.95836217371079,3.849539499443985,-0.2127874073517554,4.9853272329999285,0.24845192275463046,4.685804467928282,5.4649980519048675,4.9915143972557265,0.7791935839765856,50.15479606589921,1.093909155822101,48.37181188815045,51.64981504680114,3.278003158650691,M002,0
W003,0.9558465717572263,0.21421316097967544,0.9795559948655036,1.2296093270741362,0.6560536155533546,0.04588727833690434,-1.1123289039407622,-0.5271139600842508,1.2552721166725807,40.0,0.09538744163012872,39.833204223907714,1.0825533511722618,38.024462673318475,41.658703670014724,3.6342409966962492,0.031160343052834584,4.911292820676251,0.24095555098366836,4.629943508273899,5.360992345999856,4.917200092326519,0.7310488377259565,49.45329320898421,1.2343994220067949,48.05894893964651,51.80448037718346,3.745531437536947,M002,0
W004,1.1127816900439402,0.2529335201915357,1.1411653935050476,1.485166193525811,0.7714679061138846,0.063975365636482,-1.151769953539212,-0.25945278864023225,1.3014469260798187,20.0,0.1424551122571739,40.2724657071865,1.043643235507886,38.09927784342608,41.722869119033895,3.623591275607815,-0.16124953888325227,4.984073377508469,0.22162638109496471,4.608168213061567,5.393500332925981,4.98899846514167,0.7853321198644148,50.35431474875494,1.0627695839645233,48.55737904055303,51.52716775649247,2.969788715939437,M002,0
W005,0.9066664477702002,0.24445606044860477,0.939043562888477,1.4071038230490394,0.7285357974629726,0.059758765490051914,-0.5567281541274469,0.8657207300438735,1.4984436065147175,40.0,0.1100262775905309,39.92371219907953,1.0556726846551654,38.534890714389505,41.75356506234445,3.218674347954945,-0.1316367366001262,5.019363234001212,0.25275263753534816,4.606557354397659,5.381665334895158,5.025722950046509,0.7751079804974985,50.34589078965944,1.1980183620383886,48.19454163159228,51.979364497498565,3.7848228659062855,M002,0
W006,0.9500695759655267,0.2521706350630014,0.982966036220679,1.3942807399064938,0.822056118314152,0.06359002918807743,-0.9979612779548361,0.2614522511251723,1.418442437001428,30.0,0.1231585921116393,40.105663170404625,1.4794427625321571,38.15734442752207,41.80175197679439,3.644407549272323,-0.15977805779280288,4.972912124491938,0.24302932582615855,4.610932306196114,5.391178343863656,4.978847080512761,0.780246037667542,50.01255495587418,1.1497708742530814,48.329212822469536,51.42018777498109,3.0909749525115515,M002,0
W007,0.9750530996150346,0.22833557381236289,1.0014318156205682,1.3328065344010134,0.7204807239424509,0.052137134268221016,-0.9575963484987904,-0.03244441871124433,1.3309009296604968,30.0,0.13799398085362752,39.38476876459445,0.8952136050347803,38.130219426856456,40.51153515892613,2.381315732069673,-0.260443552932986,4.908655299824244,0.2873733194991308,4.516812350768358,5.349739070283903,4.917060125446158,0.8329267195155445,49.82511345521227,1.198214009417071,48.04350453358793,51.257861996266726,3.214357462678798,M002,0
W008,0.955510658667684,0.29921353143815593,1.001263879416033,1.424406896757802,0.9013906418680736,0.08952873739569234,-1.165408407358833,0.18427898029425321,1.4226088906638266,20.0,0.16442663096857635,40.186868942469566,0.990420971087221,38.809653959740125,41.842904901111254,3.0332509413711293,0.14965506969014916,4.924536967296772,0.29342285658674316,4.588498383974351,5.491509057748086,4.933270853606157,0.9030106737737347,49.60571659417462,0.9925513004926506,48.43848754452965,51.78078688796228,3.3422993434326287,M002,0
W009,0.9877472195715358,0.24501717743908946,1.0176826553555474,1.4262575062758072,0.7360399088961657,0.06003341724021825,-1.1026813365995227,0.5516475423867139,1.4014756945793836,20.0,0.12475689758289407,39.78806561250519,1.1203986330800724,38.036237971924564,41.18765535462002,3.151417382695456,-0.10261400484791422,5.111210177454201,0.24359078585635632,4.602024569877651,5.48634869233962,5.1170114274902225,0.8843241224619689,49.78113303830818,0.8469124930534351,48.67585907253278,51.494650875687,2.8187918031542196,M002,0
W000,0.8099360055378295,0.1748692182333634,0.8285985617608339,1.1253169687228408,0.5552502813429235,0.030579243485547674,-1.0643322344380206,0.1477490532678517,1.3580966956199612,30.0,0.09423097455816873,39.75979034065093,1.4359506850121937,38.11638901307244,41.878269919446325,3.7618809063738823,-0.03476239584952654,5.0846526185145375,0.33104538594796895,4.535003329400354,5.489492910377551,5.095417872807311,0.9544895809771976,49.449122107903435,1.0999392434261495,48.03522250354827,51.26682176231924,3.23159925877097,M003,0
W001,1.0132652948340382,0.2978605075061777,1.0561379832422217,1.494665480735883,0.9800770458903901,0.08872088193183776,-1.1047496707824644,-0.022314717608223143,1.415217996560859,40.0,0.13507264877704545,39.95219867127621,1.0706350117686154,38.17449275487571,41.35222605537757,3.1777333005018633,0.057480172774152766,4.975017596640348,0.24870774106647867,4.657269254396035,5.335554890374816,4.981230332693671,0.6782856359787806,49.43670018366754,1.0930041302166276,48.02695698843151,51.27845582286558,3.2514988344340736,M003,0
W002,0.8601506623403459,0.24883884984948873,0.8954216521387854,1.3406243993270748,0.7678511341038924,0.06192077319441639,-0.9517964738825242,0.44121074027851137,1.4971989968356108,10.0,0.11906939315348819,40.01108713642076,1.173353965976677,38.259505271809665,41.60917236137843,3.3496670895687615,-0.044891592326132004,5.03328735483465,0.2160928124668316,4.743132286032023,5.443486736210637,5.037923947415068,0.7003544501786143,50.48285507206084,1.1515539368934238,48.7705151098386,51.843723594489255,3.0732084846506567,M003,0
W003,1.0275389524886882,0.3041773110953297,1.0716156659300646,1.4626351195004526,0.8230745616792189,0.09252383658518497,-1.4227067211719056,0.26921442559550546,1.3648877727361504,20.0,0.14572836166039982,40.52774430268107,0.973723234160052,38.06258756152427,41.775344504494385,3.712756942970117,-0.16956590642748723,4.919284886603101,0.26174950741509284,4.578971199056746,5.3026812553591265,4.926243660254102,0.7237100563023802,49.45736039406302,1.0374963241839465,48.02040586870183,51.64817963259585,3.6277737638940195,M003,0
W004,1.1348145790629256,0.3242843941024284,1.1802391694534393,1.4253719954682074,0.9092710213419338,0.10516036825837909,-0.8957790493327793,-0.8784423252443974,1.2076975856751877,40.0,0.14503769019918755,39.340764136701225,0.9703868181782179,38.06522870165669,41.30511946602577,3.239890764369079,0.04823403254404959,4.929765411216281,0.21167192578814062,4.678719336423124,5.295680986386463,4.934307652932808,0.616961649963339,50.42999064901697,1.0352858659462252,48.468608593786485,51.767592617065716,3.298984023279232,M003,0
W005,1.0569103516410745,0.2800251824292812,1.0933771509413448,1.4436053983316612,0.7185756956639218,0.07841410279455222,-1.4705676932215002,0.3679358442580084,1.3203178766711805,20.0,0.1284509737520806,39.714789153117984,1.1897849090290125,38.02184815921871,41.56060577126858,3.5387576120498636,-0.013234677052483304,4.936849769509506,0.28754755869724113,4.5045458840607555,5.375496535936855,4.945216804672855,0.8709506518760994,49.63118164629607,0.9183775491814685,48.165630649437546,51.21004401258027,3.0444133631427235,M003,0
W006,1.026692465007239,0.272151237664344,1.0621505137525826,1.4627913519579065,0.9327359926206664,0.07406629616223426,-0.6588694281823755,0.002953490839337784,1.3771978010817487,30.0,0.1239788045527626,39.950704357775365,1.5186710163901542,38.0409422931297,41.93315303554172,3.8922107424120185,0.2231994697819701,4.978841910722134,0.2989522042643907,4.515767632635314,5.383717430412289,4.987809057331463,0.8679497977769746,50.4079606516351,0.9574423034030105,48.45070709726138,51.7760582727103,3.3253511754489224,M003,0
W007,0.8723526021213022,0.27906992953192655,0.9159034272218667,1.454375571595813,0.9406374281868225,0.07788002556895444,-0.5055697159371384,0.687222327651228,1.587913669028676,40.0,0.1159603527391776,40.03693672533875,1.280731989886577,38.055786034481116,41.94986701570786,3.894080981226743,0.26848464534255373,5.024317842203069,0.22323884894354945,4.692500731036407,5.406753385162144,5.02927483472098,0.7142526541257368,49.61488081949259,0.9686366061155105,48.10620425140975,50.92734064954429,2.8211363981345414,M003,0
W008,0.8859172942362127,0.30158235224849617,0.9358425975635797,1.3749684184946789,0.8632529475275605,0.09095191518773602,-1.3687176941937993,0.19403884704450738,1.4692304262216123,40.0,0.16088444922916528,39.61839800870988,1.3435142273968292,38.09045325975016,41.65585647520167,3.5654032154515036,0.11739550527016114,5.043101615232592,0.273615337246591,4.58448707302714,5.479161318180736,5.050518711413527,0.8946742451535963,50.50713363846862,1.0907646115756933,48.00019095282058,51.81589988351009,3.8157089306895102,M003,0
W009,0.9840940812118353,0.14664069148665865,0.9949596238420189,1.205726882774067,0.3982282710403008,0.021503492399685402,-1.482299252070118,0.36283418621099317,1.2118349869496956,40.0,0.0873879894214715,40.072342733371364,1.0422759681260623,38.13047688651602,41.84025682301574,3.7097799364997215,0.08664852011602754,4.939158603343544,0.3403043560706791,4.585905297356252,5.488049747468188,4.950868081836076,0.902144450111936,49.706710562117195,1.1571994365152698,48.08253971196861,51.80686930388859,3.7243295919199824,M003,0
W000,1.042110686103563,0.290328543939655,1.081797275610065,1.348076580172264,0.77574297246691,0.08429066342612018,-1.5151875875711784,-0.4948076620896202,1.2461452904029866,10.0,0.16981238992328748,40.504597956757245,1.0928564909497045,38.0441454683196,41.85068921208435,3.806543743764749,0.10959544569656972,4.832695689427533,0.2869020576795814,4.535755715512693,5.367652026057726,4.8412044387024435,0.8318963105450337,49.48418052675179,1.0825361127718491,48.23946021475435,51.505328295673,3.2658680809186507,M004,0
W001,0.8363137886830943,0.29025418326574365,0.8852503849446975,1.409611607891918,0.8927125642002303,0.08424749090326389,-0.847697661479228,0.5592087810485227,1.592330974224855,10.0,0.1373594386791402,40.62541533062189,1.0264710189112773,39.20338145399539,41.88637239463096,2.6829909406355696,-0.04128375336708081,4.901660213915575,0.2628854261808981,4.602744862459217,5.382523972654043,4.908704676386756,0.7797791101948253,49.89410679391929,0.7252189956262765,48.09080456488151,50.50538557137861,2.4145810064971016,M004,0
W002,1.2554871481400656,0.1668567081440232,1.266526407224711,1.4700403531095552,0.5778247376374206,0.02784116105265974,-0.016283839680275136,-1.0013340239810642,1.1606866976668857,30.0,0.08575495091268767,40.52381818435414,0.8551801146184771,38.86316757836725,41.577041598904714,2.7138740205374603,-0.09301493060550822,4.935134821965556,0.3581542569029013,4.564668213520061,5.4539310182589125,4.948113800501628,0.8892628047388511,49.91720909626939,0.6673081145740231,48.52909520202941,50.783012350219174,2.253917148189764,M004,0
W003,1.029167775320558,0.2749866921986062,1.0652717919125605,1.4951178927681066,0.8957317010618762,0.075617680886331,-1.0853548286028367,-0.010258445894039452,1.4035083854833064,10.0,0.12319753974543568,39.80775828897506,1.1907085463152984,38.19691986100153,41.32813731972741,3.131217458725878,0.19278001149143062,5.086043234180535,0.3085148908139563,4.5531741732141855,5.441773939505958,5.095391762937129,0.8885997662917724,50.146418614205444,0.724601668959821,48.91680243299372,51.212405965516005,2.2956035325222857,M004,0
W004,1.045235978235407,0.25618552360801417,1.0761734398804128,1.3974074748250347,0.8008172256976278,0.06563102250631239,-0.7954410851668685,-0.5714765273603392,1.2984965276417881,30.0,0.09530537594858372,40.153030072661984,1.3255917322192394,38.50336708080212,41.93931088096919,3.435943800167067,0.025780479174963136,5.135025246472816,0.17473064909777564,4.881597617457962,5.369351416913851,5.137997185834898,0.4877537994558887,49.71574732494877,1.2657424923271148,48.07810649898107,51.89863735829793,3.820530859316861,M004,0
W005,1.1430161964471135,0.2520375396929837,1.1704738129300112,1.4485413297150846,0.8291250946513785,0.06352292141449233,-0.4514597518805856,-0.6331307710228615,1.237568336611475,10.0,0.10512879092577607,40.48229920344595,1.1267948051585235,38.091576825203695,41.966037477598526,3.8744606523948306,0.012055945957938316,4.966879593349601,0.2189978935798294,4.538171158003024,5.431818618820645,4.971705237866089,0.893647460817621,50.12465685641432,1.2710040458942247,48.16922987357349,51.85633359944546,3.687103725871971,M004,0
W006,0.9410382527823838,0.3211958248084464,0.9943438796885612,1.4878616584958873,0.9685163084315732,0.10316675787437819,-0.9353379148716154,0.426307839483693,1.496325053020793,20.0,0.17762618051496998,39.396407809948315,0.9125383340904155,38.15235942846819,41.049887929639766,2.8975285011715783,0.009543185266927767,5.066910141566851,0.3372094098846577,4.57349206322057,5.488024330891365,5.078118605234399,0.9145322676707952,49.80394020816898,1.3961584550559385,48.00427193744707,51.7267402700801,3.722468332633028,M004,0
W007,1.0232063573779773,0.28736855820171925,1.0627944006352517,1.452103982679446,0.781218502544694,0.0825806882429349,-1.4611283190108757,0.42202330036760477,1.366307520825756,20.0,0.11974154946007001,39.39288222525456,0.8896787201767887,38.22652683560635,40.692261026427694,2.465734190821344,0.036546202636479494,5.081028161899874,0.25642031810006255,4.687944590275634,5.495697310372889,5.0874943303707125,0.8077527200972554,50.102878626622605,0.9617894377290666,48.7612760940093,51.43117546334573,2.6698993693364343,M004,0
W008,1.004195300146954,0.2779842534744294,1.041961345740314,1.4264127894565148,0.7962408516862293,0.0772752451797358,-1.241077873195674,0.2750371324585922,1.3689690076199974,20.0,0.15056714632260162,40.1984413006473,1.2013244832563286,38.07070962109454,41.66081542873186,3.590105807637322,0.007043876703725356,5.029348763317043,0.2345470337718875,4.665461231017469,5.334759652669961,5.0348149215368245,0.669298421652492,50.19610992066979,0.850904349106322,48.770653871676224,51.62954664906201,2.8588927773857833,M004,0
W009,1.1653077227375686,0.2415793192322112,1.19008514659772,1.4470403768179332,0.5671516757361386,0.05836056748069861,-1.9523213420716163,-0.0005665247760661107,1.2159133159125721,10.0,0.12183447057197491,40.88446572231575,0.9488934919998722,38.97256816380795,41.8955204897391,2.922952325931149,-0.038170710909008705,5.118951466105251,0.2680657761861375,4.689876096327382,5.47527870924106,5.12596560393292,0.7854026129136784,50.30293992503817,1.2810562234903982,48.01767414624884,51.78780531975087,3.770131173502037,M004,0
W000,1.023270902221467,0.3095339661524662,1.0690624937463717,1.4678965934609307,0.935715203604663,0.0958112762020761,-1.369257328144587,-0.024680418989181305,1.3730690226694828,30.0,0.1609948756828768,39.56174418645646,1.1458430264504051,38.27577468106616,41.73807730563159,3.4623026245654316,-0.0003563523949375724,4.946373083519627,0.25811366137527786,4.592921446248645,5.4195400200435655,4.953103001508853,0.8266185737949208,50.24682182790441,1.4197002813045436,48.29727895437435,51.89745556429686,3.6001766099225136,M005,0
W001,1.0935797409648136,0.265056758238782,1.125242967068322,1.4399820786525819,0.8392947257759303,0.07025508508805212,-0.3675812381802026,-0.9011378186507082,1.2797076905126301,30.0,0.09890804673524456,39.25851390386232,1.052640826617971,38.092677668244676,41.433032492911956,3.34035482466728,0.08960474259946367,4.925039564132639,0.20548931944400803,4.585792080132382,5.251223807499249,4.92932455501536,0.6654317273668671,49.580046120045104,1.185641127107128,48.00403674462616,51.1222617284072,3.1182249837810403,M005,0
W002,0.8329457961570194,0.23684547014030877,0.865964477367077,1.4119472378117388,0.8709444493504842,0.05609577672598389,1.0034060147964379,1.1328874709009313,1.6304909435831547,20.0,0.11209069565234955,39.73987742656867,1.381503684564883,38.21137157676182,41.91951963112006,3.70814805435824,0.15209380940572295,5.170579459640244,0.28848651108335094,4.741267435275805,5.494682131330527,5.178621092098807,0.7534146960547217,50.45500832322442,1.1069865699974903,48.52792177738482,51.69134326353853,3.163421486153709,M005,0
W003,0.8221122695160819,0.23542321256739202,0.8551565194187755,1.1572219323537043,0.6427658136436131,0.055424089015551445,-1.2472614212914925,0.333953396360357,1.353228217379707,40.0,0.09010406000983727,40.64500354054347,1.1787617300414392,38.47569302270791,41.97690946930276,3.501216446594853,-0.011606306068723432,4.980995110665704,0.22621525779961854,4.668718976343956,5.4083566026089835,4.986129323968343,0.7396376262650275,49.63785383290808,1.0674619557823668,48.00562724526014,51.457702207570904,3.4520749623107605,M005,0
W004,0.8448599027665251,0.2546864104432339,0.8824134081977232,1.3111915782012078,0.8096306298148841,0.0648651676644594,-0.9465591201072208,0.48271175370684044,1.4859152932402042,40.0,0.09052807014490721,39.62501092233727,1.1253677360709735,38.192303244899804,41.34818231069724,3.1558790657974356,-0.36360228942100986,5.041892373958727,0.3094565805045629,4.569005565255349,5.48258260624883,5.051380215921263,0.9135770409934807,49.95053458512565,1.1232366917983894,48.08608878121859,51.65324905775617,3.567160276537578,M005,0
W005,1.0694126910189286,0.32445791053744805,1.117549300667614,1.4781770473140443,0.9046055945110895,0.10527293571032663,-1.648476200800024,-0.07245471734719958,1.3226951566530394,30.0,0.13414181442218873,40.13805631682047,1.2060041181542664,38.07820031157161,41.74748150771427,3.669281196142663,-0.30501279562014133,4.873200823733605,0.29574835505395974,4.532437255641958,5.3722892204478025,4.882166871170526,0.8398519648058445,50.24857425997416,1.333092494132045,48.32406341864089,51.882140915620326,3.558077496979436,M005,0
W006,1.0889785511836183,0.2852840179709404,1.125726989925895,1.453900874972773,0.8135315949499421,0.08138697090964385,-1.4969422523924494,-0.04944794578576457,1.2915217348288694,40.0,0.14150048578984334,39.610416809269736,1.2446193549758742,38.147505531195584,41.31662290780565,3.1691173766100675,-0.08017406667860878,5.002582712502742,0.24105796927707504,4.534518266982551,5.375381789030619,5.008387239419819,0.8408635220480676,50.118622800054986,1.181967119119411,48.224377458605304,51.810615353106996,3.586237894501693,M005,0
W007,1.0667461822969204,0.24264807249323633,1.0939952031566398,1.454438695130999,0.7675482098212504,0.05887808708468288,-1.1735521025206173,0.05569613702862985,1.32947447204003,30.0,0.1262645147519725,40.074166851030746,1.2160527701743995,38.4292066791758,41.73443732739432,3.3052306482185188,0.2663589660136558,5.15224288616874,0.27264008892698843,4.551561368397709,5.498901793004926,5.159451460782096,0.9473404246072166,50.23235976423139,1.0643024513382566,48.36278273431495,51.70789005412507,3.3451073198101255,M005,0
W008,1.100028446467605,0.32301999534404907,1.1464748145641934,1.488376489638211,0.8347053070037309,0.10434191739206948,-1.6751587338613496,0.1456315265729063,1.29821996151218,20.0,0.14373270560438028,40.128607377135914,1.220933436660308,38.219367719479074,41.952414771693476,3.7330470522144026,0.0846725771062524,4.978386898963882,0.25413892109179415,4.609409574863721,5.422636905474287,4.984869377124032,0.813227330610566,50.064337683710285,1.1101249958352837,48.73074664416773,51.8538163156939,3.123069671526167,M005,0
W009,1.0777008206184646,0.2846417937630526,1.1146569021534654,1.4632056110023672,0.8346103049306374,0.08102095075664818,-1.221123044162,-0.08846267097626999,1.31269595888701,10.0,0.13626549766461388,40.350166611846944,1.3524192962551633,38.104413012868456,41.83394405057912,3.7295310377106645,0.24763441728455818,5.143367373012508,0.2724177759790247,4.577426684180384,5.392539678229158,5.150576606404273,0.815112994048774,49.72184892093087,1.4015225098636714,48.12233450041675,51.800252180271066,3.6779176798543176,M005,0
W000,1.0348081687997386,0.24870050994370382,1.0642743489631454,1.4577636140737593,0.9341037518134897,0.06185194364625833,-0.09319004158982169,-0.2525665935722211,1.3697254053843968,10.0,0.118119048863264,39.788996399115184,1.112752578608552,38.13305644872622,41.659815369115286,3.5267589203890637,0.19140574950245584,4.98375463201746,0.30416577784499926,4.535278924744573,5.427013894164624,4.99302784416105,0.8917349694200505,50.13760185282846,1.0781874243573508,48.954476767438926,51.86229237294926,2.9078156055103364,M006,0
W001,0.9619906247355507,0.2314732525565702,0.9894472339282236,1.2996146397362427,0.716838748353215,0.053579866649117736,-1.1937369378691456,0.015008216304754034,1.3134754387827408,30.0,0.11846859615946648,40.386888736828915,1.0455057565955754,39.04635874500701,41.924510096618405,2.8781513516113932,0.027327679409566475,5.174680766058174,0.20728487095410966,4.760243758146708,5.4853664556575,5.1788307607353685,0.7251226975107921,49.775030748396645,1.0911735115341887,48.1327265682158,51.217328481718006,3.0846019135022047,M006,0
W002,0.9792839065162002,0.32066931149022676,1.0304493082598705,1.458148254951948,0.9359148687861444,0.10282880733161606,-1.2817167519986092,0.027017211812112193,1.415060637397425,10.0,0.11259383646987078,39.71127512602944,1.104693590233387,38.082886435516116,41.6874278647734,3.6045414292572815,0.016111789894635693,4.83410269670043,0.31967108633343844,4.500451897476802,5.2984759356958495,4.84466082256374,0.7980240382190473,49.901255039665465,1.4273199001981622,48.295381640646525,51.975188284623066,3.6798066439765407,M006,0
W003,0.946080116302962,0.35285442051143956,1.0097394854804331,1.4708308019330747,0.9482367554318326,0.12450624207446381,-1.5793086598455117,0.18263533694124134,1.456643840399343,10.0,0.15374590107209818,40.024052269754804,1.3997518973788865,38.21556809184699,41.958573835218985,3.743005743371995,-0.11915171916830698,5.014588108372935,0.190150585899593,4.5807031658512285,5.296251470827383,5.0181920192389216,0.7155483049761546,49.86164565253542,0.9299929496502447,48.55860829542685,51.14742858570118,2.5888202902743274,M006,0
W004,1.1613592843013851,0.2659677549482752,1.1914252951424404,1.463055801095059,0.6997942106272707,0.07073884667222577,-1.5088708534031063,-0.4161897521083549,1.227987862151394,40.0,0.10784986709521258,39.858015127499876,0.8183616941682229,38.43519609618779,40.92945175267809,2.494255656490303,-0.022493285373968542,5.00499075367017,0.3017092575662647,4.568466027993129,5.4532862330433405,5.014076277882607,0.8848202050502119,50.54973842636533,1.1670286192068535,48.163544737452405,51.75681492992284,3.5932701924704347,M006,0
W005,0.9030183979036494,0.31117924034023337,0.95513074841678,1.4554113986679011,0.9323439621628998,0.09683251961872472,-0.8193136823468246,0.5934816454258419,1.523782373335152,40.0,0.11398953886956065,40.610700747774565,0.5704905965676154,39.91879954935954,41.73359025030577,1.8147907009462259,-0.08634664722643487,5.0294393430335385,0.277440282545828,4.527523677220515,5.373399074221556,5.037085786010869,0.8458753970010413,50.2147813113936,1.1007311522242624,48.31173048868639,51.828065553293044,3.5163350646066505,M006,0
W006,1.006027239286956,0.2413819821050741,1.0345801406717166,1.3901147436388106,0.8856505373571683,0.05826526128497432,-0.057101564801857574,-0.23167854830814572,1.3436510996009048,10.0,0.11646748068942417,38.98026119035124,0.848799424679348,38.118932378129564,40.96742935344946,2.8484969753198968,-0.08999353698530475,5.085020589462137,0.25876524905739656,4.572786216141222,5.413395458434845,5.091600323019629,0.8406092422936231,50.115408021438625,1.045057181951713,48.32529120449876,51.897930922887014,3.5726397183882526,M006,0
W007,0.7941682601606977,0.2564503367956315,0.8345477821486691,1.2638651279306519,0.7014165049968503,0.06576677524259283,-1.1257950160238417,0.7328993845047618,1.5144311146290996,30.0,0.10952492864651175,39.87402952405539,0.8161308225012781,38.02831365433656,40.87854037217103,2.850226717834474,-0.017006820268619403,5.0296616319607725,0.24876658334528715,4.53578626514839,5.37287694513485,5.0358098598941945,0.8370906799864599,50.25843681220972,1.2984694581412353,48.30893540658621,51.84710161133607,3.5381662047498637,M006,0
W008,1.0297635383889154,0.31265919037443257,1.0761824725950777,1.475375889150636,0.8790825004962336,0.09775576932559568,-1.3265584115938478,-0.110897269611782,1.370934694367354,30.0,0.15032153630205258,40.40878613101967,1.167361927669224,38.09070098980707,41.68910593478201,3.598404944974945,0.186687705542172,5.181353102825776,0.2590789226323247,4.698607993329701,5.472268149933916,5.187826314008077,0.7736601566042145,49.747974406357635,1.14840551015116,48.10552071153882,51.33486408946898,3.2293433779301566,M006,0
W009,0.9228204016579274,0.2644303362117461,0.9599587993373234,1.4643365997627316,0.9058617917799936,0.06992340270905709,-0.453031118070534,0.36827786177178123,1.5254160915797523,40.0,0.15344767388456695,40.334238594406514,1.1083110701998011,38.0960045872067,41.68067250078939,3.5846679135826918,-0.22717325778152342,5.131950938322286,0.3239157675932468,4.506302150012417,5.468036919764214,5.142163149671792,0.9617347697517964,49.755301560143785,1.0897521443650235,48.1815797902362,51.469533849496536,3.2879540592603362,M006,0
W000,0.999126839102234,0.31029224690882484,1.0462006113103492,1.4660871461541212,0.8279030058862527,0.09628127849172712,-1.5093224106068122,0.29391638940223375,1.4013441880117723,10.0,0.14768539783257348,39.848326396904056,1.2614112945516678,38.29327369999222,41.74311199431776,3.449838294325538,0.21626643717206523,5.005864509952664,0.29936575303275154,4.563505151364677,5.350310269807171,5.014808006902408,0.7868051184424933,49.354275030009575,0.568102959146946,48.61966232871379,50.597265816342826,1.9776034876290396,M007,0
W001,0.9565762936424148,0.22002882361379192,0.981555341679484,1.328827668972785,0.713726553375338,0.048412683220869154,-1.0019683612101518,0.3755868045463426,1.3537980107154253,10.0,0.1266607384345536,40.11655519136832,1.0823089414639484,38.58761876779313,41.71200843367683,3.1243896658836974,0.18999473516816462,5.018204594756103,0.2898728323956694,4.500753684340733,5.479177362602727,5.026569766132004,0.9784236782619944,50.069115695314096,1.0458958702528065,48.46577742036173,51.613507761194256,3.147730340832524,M007,0
W002,0.9438166453766815,0.3049073674707182,0.9918459370426519,1.484745320217735,0.9818433810508603,0.09296850273792359,-1.1138175661557153,0.24318384436805826,1.4969515574613754,30.0,0.16121926221779098,40.04758249326941,1.2761694507305847,38.16554566133525,41.89356545797561,3.7280197966403605,0.08577902530130158,4.978667572248499,0.25103126600482334,4.5945811199171365,5.372984373056422,4.984992225818486,0.7784032531392855,49.67391959977278,1.5464169974820785,48.07982601967723,51.97999753597677,3.900171516299544,M007,0
W003,0.9516122415980653,0.3774686967772784,1.0237423872273883,1.4281095086264646,0.9171031702115421,0.14248261704673695,-1.822240864341675,0.0462881941991614,1.3949891363727038,20.0,0.22654015359965665,39.71637895546677,1.0388935542743984,38.149985800951136,41.30170589958171,3.1517200986305767,-0.06741006298140467,4.989850549911493,0.3125269004131805,4.586891296425135,5.481206276230361,4.999628143565668,0.8943149798052259,50.12838469937246,1.0096627275059058,48.756071273316095,51.55675625642703,2.8006849831109335,M007,0
W004,0.8487001150788476,0.26915548724982546,0.890357547085181,1.3783941188106763,0.8309068268276579,0.07244467631669096,-0.9618012720946592,0.6009340140080042,1.5481354915485481,10.0,0.12681781633683967,40.17507916558404,1.1870455450608375,38.3915295016955,41.88300061657807,3.4914711148825717,0.108113552865691,5.043913827771108,0.2927056450827518,4.565028563583555,5.466323570211623,5.052399756219208,0.901295006628068,50.540755793147866,0.6825801328570578,49.495711027278624,51.36211131693607,1.8664002896574488,M007,0
W005,1.1726110495241415,0.24280257019509574,1.1974847646460696,1.3989635282787338,0.723210144565715,0.05895308809334439,-0.501928171325214,-1.0187526111489487,1.168251630067472,20.0,0.1343492523763909,40.50125985764502,1.3102825855157465,38.30508143429443,41.955286302381616,3.6502048680871866,0.20109101135429386,5.078800963591474,0.32384751571658804,4.56239087417999,5.443060919028621,5.08911548711694,0.8806700448486309,50.39858710955714,0.9886303867652234,48.28166454214319,51.36246335209705,3.080798809953862,M007,0
W006,0.9685690796063312,0.27453616535933795,1.0067254680694562,1.3206495686370534,0.7953756094326054,0.07537010609020975,-1.17453197526218,-0.26743295322857413,1.3118269185834672,20.0,0.11664680456659748,39.708639339502554,1.010016215515617,38.037450536146906,41.807328518477895,3.769877982330989,-0.05913982360166899,5.040558526234852,0.2672421121098632,4.502305225302645,5.413590627489526,5.047637923116495,0.9112854021868815,50.0589832174605,0.9629774136564058,48.37200218556568,51.2232362180569,2.85123403249122,M007,0
W007,1.0334048706152852,0.31925904472544075,1.0815969509250638,1.4956255764465216,0.9122966966690587,0.10192633763900097,-1.260600458552684,-0.09929527808871402,1.3827938172045966,20.0,0.14541931882128695,40.59858085643426,1.1115854208503053,38.480494676277814,41.85300171686943,3.372507040591614,-0.010094187677587694,5.1396887759212095,0.29278776105602344,4.608112265233535,5.452816281322161,5.1480215021262925,0.8447040160886257,49.55417842236831,1.1650210682719155,48.028696510523176,51.89029301906462,3.861596508541446,M007,0
W008,0.8865335271436946,0.3042260362233164,0.9372807348206782,1.414321946220992,0.8893175919608182,0.09255348111615061,-1.0724452413893542,0.46323783282161224,1.508962996547221,10.0,0.14517112378318014,40.56179117566823,0.9877242495607479,38.83595406839107,41.94708564562725,3.111131577236179,-0.014976120146757763,5.126294038945857,0.3497829910716107,4.618121234092202,5.493783720202904,5.13821357230067,0.8756624861107021,50.480214928132405,1.2702739135903454,48.094427042244845,51.820552513897006,3.7261254716521606,M007,0
W009,1.080503848112619,0.2685980097257681,1.1133882775630528,1.474392053784697,0.8831388857611915,0.07214489082864381,-1.0575261014188668,-0.36068591746946727,1.324238887274615,30.0,0.13332199264188976,40.39465661530981,1.0285972449159506,38.5331268200978,41.98959617271355,3.4564693526157484,0.0657689973706776,5.205485943488658,0.18287681197873196,4.895632232990801,5.472902274879017,5.208697326224429,0.577270041888216,49.929460461358374,0.9700595953175131,48.49331451344504,51.70622479154076,3.2129102780957197,M007,0
W000,0.9286990168694749,0.2627100520821104,0.9651416659741276,1.3557982138654459,0.7889142375226942,0.06901657146498515,-1.3914925749468046,0.22455578990310537,1.4047660169111282,40.0,0.14085251801902882,39.75711984668213,0.9459937720816508,38.19869597792212,41.08141156760494,2.8827155896828174,0.06269606544958199,4.90339788215211,0.2325758291037301,4.544807484435657,5.187901068808693,4.9089105010151775,0.6430935843730357,50.317978045953964,0.9984387734207603,48.88883180398294,51.784470159260884,2.8956383552779457,M008,0
W001,0.9702336294610197,0.2578841229251595,1.0039210708984956,1.4498346721655402,0.8650695742662788,0.06650422085687878,-0.7401659808591812,0.15134173845908294,1.4441719714757635,30.0,0.09152582823068951,39.95461707350153,1.0501166409138705,38.296147301062206,41.767637996159216,3.4714906950970104,0.06993773396887676,5.122720795600909,0.26856341879526024,4.648732058790655,5.466103270045741,5.1297558089637185,0.8173712112550859,50.057625024185505,1.1000541139881779,48.2516881243483,51.86639887404732,3.6147107496990216,M008,0
W002,1.0281521175238877,0.3096107440752514,1.0737576959517845,1.4875294924661622,0.9791435791951957,0.09585881284683082,-1.0327767496920233,-0.04368241863898355,1.3853493186352515,30.0,0.18162992621453986,40.43545994249019,1.4174896236958925,38.10672575997313,41.89214537810434,3.7854196181312076,0.02964172888843218,5.048090900984322,0.2549077916595353,4.577835958356514,5.461102341919985,5.054522700201222,0.8832663835634715,50.265366625347575,1.2118930903316825,48.46721990223391,51.80934951941198,3.342129617178074,M008,0
W003,1.0108586163935864,0.26758694238591885,1.0456758169110545,1.4156835849552345,0.791677372529061,0.07160277173544505,-1.4017020958585404,-0.1515824489155807,1.3538455820248285,30.0,0.12958417491192162,39.73726750125078,1.1971811300096347,38.386405933434084,41.66835284496002,3.281946911525935,-0.28432411558644943,4.949394791888281,0.3149197733776675,4.535978377589441,5.4530529187458665,4.959403519540942,0.9170745411564258,50.11913009027992,1.2252383251703214,48.05142594284011,51.86399010420289,3.812564161362779,M008,0
W004,0.7494921395763139,0.15864716116050584,0.7660988115321471,1.0581638448171615,0.5467774149467746,0.02516892174428751,-0.7214696812694235,0.357263884920942,1.381236765921753,20.0,0.060748767465853816,39.72791652256804,1.3353730950207034,38.195090200220235,41.898790889325454,3.7037006891052187,-0.08791123082596324,4.94824866732114,0.3220338886894736,4.56291676384596,5.423679382794496,4.958716638315795,0.8607626189485353,49.846280332678575,1.0189830444927208,48.274879588788224,51.60685749002019,3.3319779012319657,M008,0
W005,1.0081599425682994,0.41089213140123126,1.0886775525594177,1.4827372180048126,0.9498873014320016,0.1688323436474467,-1.8816324898536303,-0.015155282098629125,1.3619617806199673,20.0,0.14850700089413033,39.61575793057544,1.0333465988900306,38.28566808429912,41.62490068040775,3.33923259610863,-0.014945687389824663,5.007671639506716,0.2853148981265331,4.544688396053581,5.44417735730562,5.015793042003711,0.8994889612520387,50.31747193149668,1.1183507989149273,48.09198163559038,51.87120829694957,3.779226661359189,M008,0
W006,0.9113460628571033,0.22216269666084243,0.9380340665843439,1.2299758149341813,0.715882499709649,0.04935626378761749,-1.0831079800640786,-0.09173002239515121,1.3112272344360398,40.0,0.10994796179717255,40.044206163643175,0.6175360655158865,38.87287636219266,40.93800033059636,2.0651239684036966,-0.12274986524903533,4.939177054205536,0.19574311461507468,4.683952578293618,5.274203242563123,4.943054252151162,0.5902506642695053,49.77467085718435,0.8807153090317252,48.398744874211864,51.398034074736735,2.9992892005248706,M008,0
W007,0.9662190414411125,0.25707087649736726,0.9998323217352533,1.4439415128441022,0.871817800228822,0.06608543554312465,-0.9149569284007026,0.32372697378550896,1.4441836710560405,10.0,0.15532189529462853,39.93147066537706,0.958371233255303,38.13408950295148,41.45175531384254,3.3176658108910573,-0.18820966900273675,4.948987902154419,0.25044185390855395,4.5208369385343925,5.3903832189273055,4.9553206130239404,0.869546280392913,50.2911913032105,1.0161880807091555,49.147736184915416,51.972879151350696,2.82514296643528,M008,0
W008,0.9157425934581767,0.2943365211317394,0.9618827813956555,1.337656451924115,0.7909584856745764,0.08663398767193489,-1.5704750825443716,0.2694117226880096,1.390664723183033,20.0,0.16615032657401624,39.643564767628966,0.9869054169336441,38.08636752081592,41.05905976964364,2.9726922488277197,-0.021371389273262677,5.111512827889915,0.26051540575031606,4.643485175357443,5.452515098124594,5.118147288454721,0.8090299227671505,49.882542776766925,1.138158333530553,48.498551952827604,51.84319230707675,3.344640354249144,M008,0
W009,0.9009373484717746,0.31715766255479266,0.9551319745399438,1.3800207131109408,0.8755552033985523,0.10058898291721974,-1.5223659087377674,0.27597303057237976,1.4448481988844024,10.0,0.1249214937932968,40.2424881061466,0.9066303666565835,38.913856678005125,41.842611784733116,2.9287551067279907,-0.060217969361249166,5.000538717417108,0.296635724460038,4.547520279501996,5.418973238243889,5.009329318123681,0.8714529587418927,50.29745045266069,1.1600904466997048,48.148148122223425,51.836292808593356,3.688144686369931,M008,0
W000,1.3861667968312816,0.29305558413232397,1.416806254937009,1.860812284370596,0.8132757156119936,0.08588157539113761,-1.528476645408425,0.2943426612895981,1.3133851420308187,40.0,0.13235445940287321,40.65432327840192,1.3242082372107609,38.640965268918436,42.52006885511921,3.8791035862007774,0.10356056186032449,5.086742306777777,0.26793597932161584,4.625188065010996,5.37246180043506,5.093793967621573,0.7472737354240637,49.733869754226255,1.1616812486123316,48.023180586131616,51.689501001365876,3.66632041523426,M009,1
W001,1.8410953118703521,0.3233350131298599,1.869271911228186,2.4157946888674826,1.1590510390390698,0.10454553071568669,-0.5298117164411487,0.16253951464230004,1.2923720055688472,30.0,0.16335283843446435,41.52910881260952,1.2783509826473194,39.536070880433705,43.06561708282838,3.529546202394677,-0.10391938533726665,5.211101722525762,0.25239988806388775,4.885109154726546,5.6488023288437805,5.217210640371503,0.7636931741172344,49.80247447754286,0.991239009840945,47.69742769170233,50.95020083539264,3.2527731436903125,M009,1
W002,2.135810088297069,0.3682335273026739,2.167321080020518,2.8958248757419494,1.276643161776887,0.13559593062976907,-0.4419669597239273,0.7328155147155357,1.3361309971268929,10.0,0.16590207657730655,42.333139469119416,1.001464371243861,40.8516407612332,44.30616330056987,3.454522539336672,0.2710925450390919,5.3900575278431235,0.19893864308177706,5.0865813704486476,5.757721218500298,5.393727536423168,0.6711398480516504,48.739699713181224,1.4735682472549674,46.65715298421615,50.533607028588484,3.8764540443723376,M009,1
W003,2.666719885016489,0.4595201406351592,2.7060217487654663,3.4639880301642103,1.3695394373124232,0.2111587596493565,-1.1435207753499268,0.5298406550922786,1.2801035437887893,10.0,0.2064539087377458,43.32368178883672,1.0988991150203202,41.655744871940435,45.593572792422144,3.937827920481709,0.17761425038932913,5.80838809853083,0.27925799366100174,5.2826689301389855,6.1793392252843145,5.815097362054926,0.8966702951453289,48.22293643186741,1.0920093803670503,46.10637822544232,49.57351595308706,3.46713772764474,M009,1
W004,3.1742017870572754,0.3170542686231045,3.189996926990641,3.8424145973052615,1.0623327067948702,0.10052340925213168,-0.45671701224721106,0.8628487809172081,1.2045198428858972,40.0,0.10798212921664033,44.57602367181583,1.0433522486234652,42.98820109458593,46.37223700772234,3.384035913136408,0.11710916434599666,5.727387650640895,0.19390811147857262,5.47727455293992,6.075617974645988,5.7306692154067855,0.5983434217060681,47.75493305889484,1.3453080164000577,45.87926751086786,49.698030357672316,3.8187628468044537,M009,1
W005,3.7547941721839067,0.24607752404283603,3.7628491098242676,4.1302346182936684,0.9087399902299222,0.06055414783905255,0.025572837819726413,-0.5114228263048702,1.0976349297425212,10.0,0.12323506702245808,45.751374337925476,1.1355174114957456,43.65116749792173,47.11647762784014,3.4653101299184073,0.03916777531886853,5.982892230601613,0.20727302379144905,5.702061746030143,6.382150625296193,5.986481566779003,0.6800888792660498,47.636433451325416,0.9518896580029574,45.89260800904715,48.743601755768054,2.8509937467209028,M009,1
W006,4.210378546119865,0.2761537825991139,4.21942512829298,4.61605369139322,0.8688242634563048,0.07626091164379864,-1.0637740429087241,0.18042486975551889,1.0940006164443308,10.0,0.1604431991637339,46.5812582302742,1.371954857684051,44.20795846517248,48.20310341245728,3.9951449472847997,0.1854542471505793,6.426321072324717,0.21493850753677882,5.965520816436736,6.74956907668286,6.429914547381391,0.7840482602461245,47.568008778227,1.2570804359171368,44.94590799936427,48.92599232927387,3.9800843299095945,M009,1
W007,4.734415998903907,0.3890727878629125,4.750376036161001,5.422786669297328,1.3132670553902592,0.1513776342554189,-0.48706076688281463,0.537552353215869,1.1415489274991657,40.0,0.1589076450144372,47.91330262784677,1.2543402314390628,45.64958680441025,49.43934621171385,3.789759407303599,0.2524188497780734,6.377114461535847,0.30053649048181946,6.036553582601731,6.957173379159959,6.384192277621402,0.9206197965582277,46.25288740717035,1.3449911397705265,44.58776854316155,47.99299937812194,3.405230834960385,M009,1
W008,5.214477483583005,0.2550514856821643,5.220711320035119,5.801075816837596,0.990609010857435,0.06505126034867925,0.5952546763329218,0.8830718696016785,1.111165789722036,10.0,0.09384291507520756,48.902305213372145,1.0184541680616117,47.22345463968494,50.5258228870546,3.302368247369664,0.09780768726212724,6.881062248878081,0.24701964897723097,6.313892080916247,7.128095103920659,6.885494635820719,0.8142030230044117,45.379410820386724,0.7523294527980405,44.26327261186866,46.56490124700816,2.301628635139501,M009,1
W009,5.866283735321403,0.26556895787121537,5.8722918638876624,6.336550232163758,0.9088240576382152,0.07052687138480337,-0.8153824015201301,0.1440279093008456,1.0790591440338833,10.0,0.12710561357538644,49.71376348833812,1.0782392099108895,48.06655691056138,51.59669753660482,3.5301406260434405,-0.07088934985721954,6.944292509025677,0.17519569049720107,6.716971221190742,7.245474910674294,6.946502139989516,0.5285036894835518,45.74522224219343,1.2944952875378755,43.62151101976419,47.148258613043154,3.5267475932789623,M009,1
W000,1.3097161631592684,0.3325492649907287,1.3512754869701844,1.8260806555753775,1.0325628928660404,0.1105890136458739,-1.052070676168189,-0.03636264084512927,1.3513755508654983,20.0,0.15466150481503452,41.384019451214705,0.8947124611092578,39.840884422861635,42.52657365383516,2.685689230973523,0.262767052382504,5.188198531141147,0.3670733842745028,4.628344605408106,5.666166425840884,5.201167836936037,1.0378218204327778,50.01455150267074,0.9546943356156135,48.199439899601195,51.23488886337313,3.035448963771934,M010,1
W001,1.9570002606376042,0.2930931618044161,1.9788263242720825,2.2323021325027983,0.8049252845832351,0.08590360149650962,-1.0404240790464316,-0.7601432917429959,1.12809401468012,20.0,0.13115055769607473,41.669766935805875,1.0883038472049582,39.87045679446694,43.40131169353281,3.530854899065872,0.22632307690012554,5.33322246555359,0.35079263002266353,4.736198170806428,5.737974851714729,5.344746704602915,1.0017766809083017,49.50690204112325,1.0947930471431075,47.848098316336575,51.2376300833938,3.3895317670572283,M010,1
W002,2.2714063094434884,0.3920491225745566,2.3049922206140234,2.937117484017932,1.333556069815991,0.1537025145114797,-0.8953122918019565,-0.1968295316224605,1.2742418207535287,40.0,0.19876259361054374,42.540880374151655,1.052373176563346,40.849762353244536,44.00607830883902,3.1563159555944864,0.21933655014294656,5.624470235249772,0.18856292797061525,5.339265076963162,5.9794733413155985,5.627630176638785,0.6402082643524363,49.145370503236464,0.8436679465697337,47.83303826984287,50.63476399592535,2.8017257260824735,M010,1
W003,2.846714905811105,0.31263671154471534,2.8638309077828987,3.326887813984194,0.9545722805282653,0.09774171340549356,-1.2462036301700834,-0.20568873693454187,1.1616914270122818,20.0,0.16321863904768108,43.842720753392726,0.8898642327500161,42.16205419325499,44.99989811508875,2.837843921833759,0.2158078313545616,5.550023805681076,0.3516417308401926,5.145460530078492,6.2265523926208335,5.561152412090046,1.0810918625423414,48.25064098560965,1.2386205599739541,46.47951130516622,50.06437329804743,3.5848619928812084,M010,1
W004,3.298539628675531,0.26510185384602886,3.309175527960931,3.8153948676520923,0.8305812752927197,0.07027899291260126,-0.3983397419012715,0.9750511775706976,1.1529744600773977,20.0,0.118774487750603,44.11424510207613,1.0086997968274969,42.70059988949487,45.87934288999952,3.178743000504653,-0.08863655765207822,6.078441139941683,0.3650634287048674,5.479852668574104,6.427449333850503,6.089393894199431,0.9475966652763992,47.9194469998288,1.1793866248247487,46.1922531871807,49.38807437329235,3.195821186111651,M010,1
W005,3.7053969148874244,0.2281249663020888,3.7124125979082088,3.9881765026234133,0.6194816227366005,0.05204100025032915,-1.490113532879257,-0.22511312633640151,1.0742815884394386,20.0,0.14343431672530535,44.82282878997037,1.322811514557386,43.13688848584806,47.564900526166134,4.428012040318073,0.3560633689987191,5.934863941609967,0.32608726894965534,5.536625235456783,6.538523008310764,5.943815518031598,1.0018977728539813,47.76058619928733,0.8489083131901506,45.86249171033088,48.78307934177141,2.920587631440533,M010,1
W006,4.324922781284455,0.30742810196548215,4.335835456051275,4.734063848132655,1.157872096068541,0.09451203787809889,0.9557018560233015,-1.1450501142623695,1.091845826742709,10.0,0.1404734749208683,46.68155802746391,1.277873678696782,44.88702716904703,48.56141809626052,3.674390927213487,0.27819346027988257,6.274564412932448,0.29542614135424256,5.87721154107855,6.870891924585547,6.281515356745836,0.9936803835069972,46.91082780077293,1.1185575478331535,44.79705866022452,48.3357646433561,3.538705983131578,M010,1
W007,4.621028312409441,0.3320378268376436,4.632942022359088,5.221879756762443,0.9772622959527641,0.110249118451065,-0.596958913241568,0.8626704599518102,1.127119599503097,10.0,0.1737720098887444,47.66869367288257,1.1224251157096432,45.84324977261521,49.39656825211943,3.5533184795042203,0.08877643260659336,6.441197432085029,0.3599619169181057,5.949946649694834,6.930311258811088,6.451247704183287,0.9803646091162541,46.329771618316634,0.9893142487355209,44.862790897090115,47.90390456713228,3.041113670042165,M010,1
W008,5.256996704656926,0.3201854984261028,5.26673837457075,5.667217418997686,0.9445529865767046,0.10251875340237185,-1.09448864474284,-0.16030412033440988,1.0760392895839594,10.0,0.16955349973492376,48.23632362803696,1.2096789045262186,46.557049060284314,50.2157610701199,3.6587120098355896,0.29051664186782905,6.687236743388598,0.30709023236627064,6.245453267586655,7.239688825194225,6.694284104588132,0.9942355576075697,46.11491719888785,1.1808577004441074,44.2369392280175,47.69127012166844,3.4543308936509405,M010,1
W009,5.822586386474986,0.32112685626848997,5.83143504514804,6.2231920249167,0.9557570942463132,0.10312245781688342,-1.1838856740945343,-0.4678952871371668,1.0671802012258742,40.0,0.15585796690353557,49.38688124105153,1.0207366249662,48.14123387323091,51.43086555500841,3.2896316817775,0.07691212349973396,6.832631414818886,0.2556222944300716,6.505049414738324,7.391787599498991,6.837411411358808,0.8867381847606666,45.234600245395846,1.2122065883624817,43.45494276783779,46.87418863557587,3.419245867738077,M010,1
W000,1.5147381737592844,0.2642091135977012,1.5376079444226658,1.7815044713466306,0.9621360332293996,0.069806455708083,2.0125370259072284,-1.6412645875388072,1.1586207510234618,20.0,0.11038864105128003,40.141303124900794,1.3379889323121201,38.31809062004183,42.49070455107298,4.172613931031151,0.3150321174122203,5.087072949368226,0.2799299511495126,4.743148480692916,5.477437908900315,5.094769079138376,0.7342894282073988,49.31534759572216,0.973452529737671,47.84441256038086,51.2939916258687,3.449579065487839,M011,1
W001,1.5828013325718415,0.271796066655078,1.605967982321058,2.0369168492082546,0.9584614934309297,0.07387310184917159,-0.5785897809042049,-0.11160822491658463,1.268342128629712,10.0,0.14939555241918367,41.75905990876439,1.4710715270150445,39.1171421231135,43.40780145983538,4.29065933672188,0.23271388652859143,5.384314188993807,0.30487881258003485,4.863301794842598,5.782341797977942,5.392938936809895,0.9190400031353443,49.30303471392625,1.0637699226077109,47.62370273787009,50.748542642308706,3.124839904438616,M011,1
W002,2.2569626309523123,0.31846415894517216,2.2793200165943874,2.795487444336473,1.044665696699903,0.10141942053265587,-0.8489146709882256,0.06735963116640402,1.2264567607813621,30.0,0.1526968230817157,42.50367186899214,1.2152684764986645,40.91648720768253,44.200867854564805,3.2843806468822763,0.11182020173965435,5.40501451243566,0.2788719263701744,4.986193690494352,6.015105422877458,5.412203934716199,1.028911732383106,49.17750279324609,1.0141837670132983,47.325288518678015,50.82630164762594,3.5010131289479247,M011,1
W003,2.8980755946629997,0.31281444569866673,2.914909094606393,3.465779941197179,0.9524333150247397,0.09785287743776412,-1.2529232925698437,0.27245726074846977,1.1889838855043853,10.0,0.1396742167802693,43.87510098946883,1.004041448194775,42.06690218595267,45.167117371608185,3.1002151856555145,-0.07060753760648074,5.634560029994325,0.36450683134127193,5.227614985325804,6.279145361994134,5.646337924859272,1.05153037666833,48.1694924473871,1.0040244292005782,46.60823147386952,49.6919276023162,3.0836961284466753,M011,1
W004,3.2648464219462974,0.21987115332208826,3.27224166023213,3.5155115106107955,0.7380836699518802,0.04834332406318524,-0.08739031289218424,-0.781575352239053,1.0743434854873792,30.0,0.08135373943080805,44.144554751418084,1.4559813579059646,42.2539372910555,46.58520079210173,4.33126350104623,0.3750085258965755,5.999805368839722,0.3145429098429135,5.4628261192394145,6.423031273484688,6.00804474900865,0.9602051542452736,48.39118093758923,0.7670406523991237,46.85488278769751,49.358683345723534,2.503800558026022,M011,1
W005,3.842847036692683,0.3443638612031877,3.8582456915443464,4.413635416380924,1.0891404649278904,0.11858646890276832,-1.0820953703983562,0.37667655063328037,1.14394877082446,30.0,0.15924991252608267,45.94738355815115,1.3784339906069922,43.60660876552619,47.9016171019343,4.2950083364081095,0.2053132783774232,6.03922871934571,0.27261779083126503,5.650198186844077,6.482246028673174,6.04537872961221,0.8320478418290973,47.05990733792217,1.2972187518464338,45.426684785242266,48.9926217135358,3.5659369282935316,M011,1
W006,4.166100959658435,0.18949566234918847,4.170408350763278,4.405249546076958,0.6063097177016372,0.03590860604915764,-0.9892130036109954,-0.41527105464509395,1.056311319075193,30.0,0.09772971950139699,46.41668039080667,1.2163936526661765,44.295288692126064,47.97949041472517,3.6842017225991057,0.26897127808095134,6.385300047744667,0.34706479797636874,5.830110043447656,6.810932317648405,6.394725222691155,0.9808222742007491,46.99068489925455,1.4086744915812344,44.64984067548137,48.927748319611595,4.277907644130224,M011,1
W007,4.531371783052401,0.2242945884659941,4.5369194723577175,4.945150623734593,0.8587504890267672,0.050308062415129653,-0.10872160636069905,-0.21654285943773247,1.0899798098388394,40.0,0.1069844372841432,47.60316355391031,1.2595808590692505,45.75996317571871,49.58160840153394,3.8216452258152316,0.2484502793382829,6.502259542814066,0.3073281192306001,6.055488966284011,6.980709209228571,6.509518395010986,0.9252202429445608,45.729615917255934,0.949033729093784,44.45527653152661,47.21148666446654,2.756210132939934,M011,1
W008,5.278813321458527,0.2022920654111573,5.282687967553669,5.671009840720606,0.7614498020626455,0.04092207972831194,-0.2876074602777079,0.09595440987294312,1.0735083873119167,20.0,0.10238226375872883,49.019357556375425,1.268007826078247,47.06832641426003,50.43600440386842,3.3676779896083886,-0.031336404417873415,6.733323696143866,0.2907173896724774,6.378937526966634,7.072812301622028,6.739596768183573,0.6938747746553933,45.24386922833156,0.9451491322054085,43.90006542285465,46.97713924116753,3.0770738183128756,M011,1
W009,5.79259855814017,0.20495747223256539,5.796223392968179,6.084122957110215,0.5872408426929203,0.042007565423962806,-1.4671128478767648,-0.010091369512877897,1.0496701980968,20.0,0.10001669472541022,49.46878655609625,0.6614027175143946,48.48996910475977,50.67614223970263,2.1861731349428553,0.06868289879694636,6.995143988767869,0.3345805240940305,6.514672789341066,7.439008944998363,7.003140977497046,0.9243361556572971,45.253205791457304,1.430696586544659,43.260025513334966,47.15488375595868,3.8948582426237124,M011,1
W000,1.4444305078601996,0.22652438244242346,1.4620850822979472,1.8319715018666058,0.7217343785775707,0.05131329584092133,-1.095712572170789,0.11403095841759371,1.2529855642787293,20.0,0.1239442889481247,40.29689440364388,1.0683811998726298,38.447169736365026,41.935628469341815,3.488458732976788,0.05690921176739557,5.0872031763615135,0.2598618003487279,4.729292189013548,5.657745968094434,5.093835913421549,0.9284537790808862,49.64292127929626,1.3378543662466202,48.01203789071934,51.83790348600633,3.8258655952869915,M012,1
W001,1.5093769966479471,0.20840490432049688,1.523696663432329,1.7398489875920085,0.5881255984661278,0.04343260414483546,-1.1748899691319257,-0.48186863117603274,1.141860469571921,10.0,0.11245397822770968,41.36504635802091,1.2582910805360659,39.228535650748455,43.531829078958935,4.30329342821048,0.31903468663734813,5.317675063226163,0.2615111469270716,4.901278630646813,5.736377349134106,5.324101441372479,0.8350987184872931,49.18820050339043,1.0963219856844395,47.53523536803297,51.03719041901911,3.5019550509861403,M012,1
W002,2.283654627245044,0.3301020712038079,2.307389397988719,2.672873749366551,0.9765455880841287,0.10896737741304388,-0.8173525530179861,-0.7157392886787438,1.1583973436371051,10.0,0.18744100142702824,42.984462357693374,0.8459268478515322,41.429136257464,44.240473775371264,2.811337517907262,-0.06856569519885852,5.4705092674964115,0.20941813365740083,5.185567604144536,5.889615872057413,5.474516197845128,0.704048267912877,48.5876175731902,1.2664347728335472,46.60095562048355,50.629186046495015,4.028230426011461,M012,1
W003,2.7774627617496774,0.27315837532706166,2.790862750283049,3.2685221151584165,0.964400082078543,0.07461549801131989,-0.6034990522006201,0.13350970228827777,1.1711511484493184,30.0,0.13158848521130234,43.1471889563902,0.8563321397809307,41.91917012343968,44.71276801176421,2.793597888324534,-0.022551987950331386,5.732362447200844,0.2958441569532951,5.188606869944573,6.205658519358603,5.739991549757008,1.0170516494140296,48.48202405758564,0.9831021137342564,46.7714253742092,49.744411404014116,2.9729860298049147,M012,1
W004,3.3755061378998783,0.2509424991284394,3.384821092003029,3.7006259307972846,0.8564319169828325,0.06297213786882683,-0.267506117499297,-0.7312719640086219,1.093300304568645,10.0,0.12443147388877274,44.84061733485411,1.0091982270965387,42.9398437024548,46.30812525015327,3.3682815476984658,0.21742837920718566,5.928606009185397,0.196277241967164,5.738660479801972,6.428545222198966,5.93185417621366,0.6898847423969938,47.126299274811664,0.8832623454630733,45.83678049629591,48.25521503371031,2.4184345374143987,M012,1
W005,3.6534209774438096,0.38204494529269417,3.6733422354376644,4.47930960255253,1.3671131589261765,0.1459583402236977,-0.14876891404475856,0.6633027037144832,1.2194098222973875,10.0,0.1687409309023969,45.74542277633772,1.537862149793598,43.72228843121061,47.87727609707642,4.154987665865811,0.3206627245282396,6.003030237973976,0.21641601510335345,5.675711140095895,6.371566901487727,6.006929992069419,0.6958557613918321,46.94357416585095,1.037707875409329,45.666074359060545,48.66744550937525,3.0013711503147036,M012,1
W006,4.180069993353563,0.32643162519846597,4.192796531584208,4.813835834364683,0.9326008507671704,0.10655760592971178,-0.2072414503784321,1.164692684051636,1.1481205439143551,20.0,0.15877514721733085,46.836977826530486,1.3172945015747768,44.682581613539284,48.21685248520694,3.5342708716676583,-0.05365137022345013,6.311164933251087,0.36886491029088175,5.7786046550156716,6.872558211176153,6.321935157587596,1.0939535561604812,46.68500387655415,1.1443491149619323,44.62364774312771,48.491857898788,3.868210155660286,M012,1
W007,4.855698078584515,0.33080490191156686,4.866953432435745,5.304061786685052,1.1042078543186422,0.10943188312872136,-0.7432490381784036,-0.6109128852321767,1.0898114930248162,20.0,0.1502828098283298,47.5214072671123,0.894845021196961,45.74197063547504,48.34347250238272,2.6015018669076753,0.13768713971180876,6.652851772615351,0.24518103393907156,6.166299380716705,7.03349233873359,6.6573681322122065,0.8671929580168856,45.55661163755012,0.6655862915063891,44.67233884265392,46.59610490045074,1.9237660577968185,M012,1
W008,5.375976862791869,0.3174735635593134,5.3853427646559835,5.874954166744534,0.9066706768498065,0.10078946355904941,-1.5433483062618665,0.2190356019324896,1.0909155505016082,10.0,0.15544549765995413,48.323596987852405,1.2017904663035395,46.69055636238589,50.19385739676037,3.5033010343744806,0.16878005717473363,6.789723453587905,0.28355434511773814,6.307550914657658,7.146396099816163,6.795641812429258,0.8388451851585046,45.643383984289144,0.8691785376969531,44.099988966886556,47.74795459481064,3.647965627924087,M012,1
W009,5.865964630006926,0.34931153325457165,5.87635597864501,6.273891420828356,1.1611891822778757,0.12201854726465973,-0.3058189392437489,-0.6293015128395181,1.067649993231862,20.0,0.15219567210841542,49.85586681706182,1.0842266810956753,48.4515896378373,51.28039027547836,2.8288006376410593,-0.1514907563137438,6.82972960720686,0.31896637918217075,6.389743247241243,7.3543935776542115,6.837173835628765,0.9646503304129688,45.013523462294216,1.0690306845799848,43.620533202632146,46.7639162821625,3.143383079530352,M012,1
